{
  "urls": [
    "ch1.webm",
    "ch1.mp3",
    "ch1.ogg"
  ],
  "sprite": {
    "Lose Presentation_V6": [
      0,
      8467.732426303854
    ],
    "Number Win": [
      9500,
      1753.1065759637183
    ],
    "UI Bet Down": [
      12000,
      667.5736961451246
    ],
    "Win Presentation_V8": [
      13500,
      7848.344671201815
    ]
  }
}