{
  "urls": [
    "ch2.webm",
    "ch2.mp3",
    "ch2.ogg"
  ],
  "sprite": {
    "Instant Win": [
      0,
      2258.1632653061224
    ],
    "UI Bet up": [
      3500,
      667.5736961451246
    ]
  }
}